{"eval/regularization_loss": 0.02339279092848301, "eval/label_top_1_accuracy": 0.9975926280021667, "global_step": 13635.0}